t_s,task_pct,script_pct,layout_pct,style_pct,layouts,recalcs,heap_mb,nodes,cpu_browser_pct,cpu_renderer_pct,cpu_gpu_pct,rss_mb,raf_fps
1.0,8.03,0.86,0.05,0.01,2,2,5.2,6982,2.0,5.1,1.0,885,60.2
2.0,1.4,0.14,0.0,0.0,0,0,5.2,6982,0.0,2.0,0.0,886,60.1
3.0,3.08,0.4,0.03,0.0,1,1,5.2,6986,2.0,5.0,2.0,895,60.0
4.0,1.88,0.14,0.03,0.0,1,1,5.2,6988,1.0,3.0,0.0,897,60.1
5.0,2.42,0.14,0.0,0.0,0,0,5.2,6988,2.0,3.0,1.0,888,59.9
6.0,13.7,0.15,0.7,0.27,55,55,5.0,7116,1.0,18.0,2.0,884,60.1
7.0,18.9,0.13,1.19,0.51,95,95,5.3,7328,1.0,23.0,2.0,886,60.0
8.0,20.13,0.17,1.27,0.54,96,96,5.8,7537,0.0,25.0,2.0,888,59.9
9.0,19.26,0.17,1.25,0.59,95,95,6.6,7748,2.0,25.0,3.0,892,59.9
10.0,21.0,0.14,1.49,0.58,96,96,6.9,7957,0.0,23.0,2.0,895,60.1
11.0,22.4,0.09,1.32,0.83,97,97,6.6,6310,0.0,27.0,1.0,885,60.0
12.0,19.68,0.19,1.27,0.52,96,96,7.4,6521,2.0,25.0,3.0,885,60.0
13.0,19.5,0.35,1.13,0.47,95,95,8.2,6730,0.0,22.0,2.0,885,60.0
14.0,18.37,0.12,1.26,0.45,95,95,8.9,6942,1.0,23.0,3.0,886,60.0
15.0,19.66,0.13,1.25,0.49,96,96,8.4,7152,1.0,22.9,2.0,888,59.9
16.0,21.03,0.37,1.41,0.87,96,96,9.2,7361,0.0,24.9,2.0,889,59.8
17.0,19.55,0.2,1.23,0.6,96,96,9.4,7572,1.0,25.1,2.0,891,60.3
18.0,21.7,0.14,1.2,0.57,96,96,10.1,7774,1.0,21.9,3.0,891,59.7
19.0,20.97,0.11,1.32,0.65,96,96,11.0,7980,0.0,25.1,2.0,892,60.3
20.0,19.04,0.09,1.21,0.57,96,96,10.7,8189,2.0,23.0,3.0,893,60.0
21.0,19.86,0.29,1.27,0.63,96,96,11.4,8400,0.0,23.9,2.0,894,59.9
22.0,20.15,0.38,1.39,0.8,95,95,12.2,8610,3.0,24.0,2.0,894,60.1
23.0,20.03,0.3,1.52,0.67,96,96,12.2,8820,1.0,26.0,3.0,897,60.0
24.0,21.27,0.23,1.69,0.91,95,95,12.9,9029,0.0,25.0,2.0,898,59.9
25.0,21.92,0.66,1.59,0.84,96,96,13.6,9235,1.0,24.9,4.0,900,59.9
26.0,21.83,0.33,1.72,0.77,96,96,14.6,9441,1.0,26.0,2.0,902,60.1
27.0,19.97,0.11,1.56,0.76,96,96,15.3,9652,0.0,23.9,2.0,904,59.8
28.0,23.12,0.14,1.24,0.48,96,96,14.2,6370,2.0,28.1,3.0,904,60.3
29.0,18.06,0.08,1.09,0.45,95,95,14.6,6582,0.0,22.0,2.0,905,60.0
30.0,19.51,0.24,1.24,0.59,96,96,14.9,6793,1.0,23.9,2.0,905,59.8
31.0,19.82,0.26,1.21,0.58,95,95,15.6,7004,1.0,24.0,3.0,906,60.1
32.0,20.57,0.21,1.43,0.68,96,96,16.0,7213,0.0,31.1,3.0,904,60.1
33.0,24.58,0.32,1.26,0.67,95,95,16.7,7407,2.0,23.0,2.0,905,59.0
34.0,21.29,0.11,1.29,0.59,96,96,16.6,6281,0.0,30.0,4.0,904,59.9
35.0,19.36,0.14,1.18,0.51,96,96,17.1,6490,1.0,22.9,2.0,901,59.7
36.0,19.82,0.16,1.16,0.53,95,95,18.1,6699,1.0,23.1,2.0,902,60.3
37.0,19.8,0.14,1.27,0.56,96,96,18.4,6910,1.0,24.0,2.0,903,60.0
38.0,19.36,0.2,1.13,0.51,95,95,18.7,7120,0.0,23.0,3.0,904,60.0
39.0,22.25,0.19,1.18,0.52,96,96,19.0,6303,1.0,26.9,2.0,904,59.7
40.0,19.48,0.09,1.07,0.49,96,96,19.7,6514,1.0,22.8,3.0,904,60.5
73.6,2.02,0.0,0.02,0.01,40,40,24.1,6598,0.1,99.8,0.5,937,0.7
82.3,470.55,0.0,0.03,0.01,4,4,39.4,6183,0.1,99.0,0.6,828,0.5
83.7,67.55,0.01,0.06,0.03,4,4,52.7,6185,0.0,101.0,0.0,832,2.7
88.0,75.24,0.0,0.02,0.01,4,4,44.5,6187,0.2,99.9,0.5,826,0.9
91.9,99.63,0.0,0.02,0.01,4,4,57.0,6189,0.0,99.5,0.8,829,1.0
96.5,93.22,0.0,0.01,0.01,4,4,53.7,6191,0.0,98.2,0.6,833,0.9
113.6,27.11,0.0,0.0,0.0,4,4,56.4,6193,0.2,99.1,0.6,808,0.2
172.7,71.77,0.0,0.0,0.0,4,4,57.3,6182,0.2,97.0,0.6,567,0.1
233.1,105.41,0.0,0.0,0.05,3,3,78.3,6184,0.1,98.9,0.5,558,0.0
289.5,100.25,0.0,0.0,0.0,4,4,91.0,6182,0.0,99.1,0.5,558,0.1
357.8,89.08,0.0,0.0,0.0,3,3,98.3,6184,0.2,96.6,0.5,548,0.1
414.5,111.66,0.0,0.08,0.04,5,5,145.4,6186,0.0,99.0,0.6,538,0.1
440.4,207.3,0.0,0.09,0.02,4,4,107.8,6182,0.1,98.6,0.6,539,0.2
446.7,64.58,0.0,0.01,0.01,4,4,138.2,6184,0.2,94.4,0.8,537,0.8
453.5,91.01,0.01,0.01,0.01,4,4,115.6,6182,0.1,97.5,0.6,517,0.6
461.0,101.09,0.0,0.01,0.01,4,4,113.9,6184,0.0,96.6,0.5,513,0.5
467.2,113.76,0.0,0.01,0.01,4,4,109.7,6186,0.0,99.2,0.5,522,0.6
470.0,109.26,0.0,0.02,0.01,2,2,123.2,6187,0.0,98.8,1.1,524,1.1
475.3,88.61,0.02,0.02,0.01,4,4,136.4,6189,0.6,80.0,0.6,513,0.8
478.0,142.93,0.0,0.02,0.11,2,2,96.3,6190,0.0,96.9,0.7,537,0.7
480.2,100.48,0.0,0.02,0.01,2,2,104.3,6181,0.0,98.0,0.5,536,0.9
484.9,92.2,0.0,0.02,0.01,4,4,121.1,6183,0.2,99.4,0.4,537,0.8
490.3,100.57,0.0,0.01,0.01,4,4,113.6,6185,0.2,92.0,0.6,530,0.7
493.2,145.55,0.0,0.03,0.01,4,4,124.7,6187,0.0,100.3,0.3,538,1.4
494.8,83.66,0.0,0.02,0.01,2,2,97.8,6188,0.0,103.6,1.3,536,1.9
497.5,105.69,0.0,0.03,0.01,4,4,130.7,6182,0.7,99.3,0.0,537,1.5
500.0,98.77,0.0,0.04,0.02,4,4,115.0,6184,0.0,99.7,0.8,537,1.6
502.1,142.95,0.0,0.05,0.02,4,4,103.6,6186,0.9,96.7,0.5,538,1.9
502.8,140.79,0.03,0.1,0.05,4,4,106.9,6188,0.0,101.8,1.4,551,5.7
504.1,76.36,0.0,0.09,0.04,6,6,111.2,6191,0.0,98.9,0.0,551,4.6
504.8,156.82,0.01,0.19,0.09,6,6,121.3,6194,0.0,100.8,3.1,554,9.4
505.8,96.91,0.02,0.2,0.46,11,11,152.0,6199,1.0,96.4,1.0,557,10.7
506.8,102.67,0.01,0.17,0.08,8,8,123.2,6203,0.0,101.0,0.0,558,8.2
508.6,96.7,0.01,32.48,7.88,5,5,130.4,217017,1.1,87.5,1.1,808,2.1
